BEGIN TRANSACTION;
CREATE TABLE "schema_migrations" ("version" varchar(255) NOT NULL);
INSERT INTO "schema_migrations" VALUES('20090823005402');
INSERT INTO "schema_migrations" VALUES('20090904192342');
INSERT INTO "schema_migrations" VALUES('20090923100315');
INSERT INTO "schema_migrations" VALUES('20091007134354');
INSERT INTO "schema_migrations" VALUES('20091008091614');
INSERT INTO "schema_migrations" VALUES('20091012120519');
INSERT INTO "schema_migrations" VALUES('20091015110842');
INSERT INTO "schema_migrations" VALUES('20091015153048');
INSERT INTO "schema_migrations" VALUES('20091016174634');
INSERT INTO "schema_migrations" VALUES('20091017175558');
INSERT INTO "schema_migrations" VALUES('20091021133257');
INSERT INTO "schema_migrations" VALUES('20091104151730');
INSERT INTO "schema_migrations" VALUES('20091126190904');
INSERT INTO "schema_migrations" VALUES('20091209153045');
INSERT INTO "schema_migrations" VALUES('20091209202200');
INSERT INTO "schema_migrations" VALUES('20091211203813');
INSERT INTO "schema_migrations" VALUES('20091212161118');
INSERT INTO "schema_migrations" VALUES('20091213222815');
INSERT INTO "schema_migrations" VALUES('20091214183826');
INSERT INTO "schema_migrations" VALUES('20100105090147');
INSERT INTO "schema_migrations" VALUES('20100105132138');
INSERT INTO "schema_migrations" VALUES('20100107141738');
INSERT INTO "schema_migrations" VALUES('20100111205525');
INSERT INTO "schema_migrations" VALUES('20100112151511');
INSERT INTO "schema_migrations" VALUES('20100113090919');
INSERT INTO "schema_migrations" VALUES('20100113203104');
INSERT INTO "schema_migrations" VALUES('20100121160010');
INSERT INTO "schema_migrations" VALUES('20100121183934');
INSERT INTO "schema_migrations" VALUES('20100125145351');
INSERT INTO "schema_migrations" VALUES('20100126103714');
INSERT INTO "schema_migrations" VALUES('20100209025806');
INSERT INTO "schema_migrations" VALUES('20100209144531');
INSERT INTO "schema_migrations" VALUES('20100213103131');
INSERT INTO "schema_migrations" VALUES('20100214212536');
INSERT INTO "schema_migrations" VALUES('20100223170312');
INSERT INTO "schema_migrations" VALUES('20100223183812');
INSERT INTO "schema_migrations" VALUES('20100224153127');
INSERT INTO "schema_migrations" VALUES('20100301163454');
INSERT INTO "schema_migrations" VALUES('20100306153445');
INSERT INTO "schema_migrations" VALUES('20100317120946');
INSERT INTO "schema_migrations" VALUES('20100419190933');
INSERT INTO "schema_migrations" VALUES('20100419194457');
INSERT INTO "schema_migrations" VALUES('20100426100726');
INSERT INTO "schema_migrations" VALUES('20100427121301');
INSERT INTO "schema_migrations" VALUES('20100501084722');
INSERT INTO "schema_migrations" VALUES('20100501095202');
INSERT INTO "schema_migrations" VALUES('20100502163939');
INSERT INTO "schema_migrations" VALUES('20100504142133');
INSERT INTO "schema_migrations" VALUES('20100506180619');
INSERT INTO "schema_migrations" VALUES('20100506185838');
INSERT INTO "schema_migrations" VALUES('20100528155333');
INSERT INTO "schema_migrations" VALUES('20100528185820');
INSERT INTO "schema_migrations" VALUES('20100605152042');
INSERT INTO "schema_migrations" VALUES('20100624110730');
INSERT INTO "schema_migrations" VALUES('20100624123336');
INSERT INTO "schema_migrations" VALUES('20100624175547');
INSERT INTO "schema_migrations" VALUES('20100811163637');
INSERT INTO "schema_migrations" VALUES('20100811205836');
INSERT INTO "schema_migrations" VALUES('20100812162326');
INSERT INTO "schema_migrations" VALUES('20100813023502');
INSERT INTO "schema_migrations" VALUES('20100813185745');
INSERT INTO "schema_migrations" VALUES('20100816212146');
INSERT INTO "schema_migrations" VALUES('20100817152723');
INSERT INTO "schema_migrations" VALUES('20100819170125');
INSERT INTO "schema_migrations" VALUES('20100820135707');
INSERT INTO "schema_migrations" VALUES('20100901171814');
INSERT INTO "schema_migrations" VALUES('20100903203949');
INSERT INTO "schema_migrations" VALUES('20100923095305');
INSERT INTO "schema_migrations" VALUES('20100923162011');
INSERT INTO "schema_migrations" VALUES('20100929151905');
INSERT INTO "schema_migrations" VALUES('20101008190536');
INSERT INTO "schema_migrations" VALUES('20101026184700');
INSERT INTO "schema_migrations" VALUES('20101026184714');
INSERT INTO "schema_migrations" VALUES('20101026184746');
INSERT INTO "schema_migrations" VALUES('20101026184808');
INSERT INTO "schema_migrations" VALUES('20101026184833');
INSERT INTO "schema_migrations" VALUES('20101026184855');
INSERT INTO "schema_migrations" VALUES('20101026184916');
INSERT INTO "schema_migrations" VALUES('20101026184932');
INSERT INTO "schema_migrations" VALUES('20101026184959');
INSERT INTO "schema_migrations" VALUES('20101026185022');
INSERT INTO "schema_migrations" VALUES('20101026192225');
INSERT INTO "schema_migrations" VALUES('20101028151745');
INSERT INTO "schema_migrations" VALUES('20101101185116');
INSERT INTO "schema_migrations" VALUES('20101103212716');
INSERT INTO "schema_migrations" VALUES('20101111133551');
INSERT INTO "schema_migrations" VALUES('20101117031806');
INSERT INTO "schema_migrations" VALUES('20101214150824');
INSERT INTO "schema_migrations" VALUES('20101217012656');
INSERT INTO "schema_migrations" VALUES('20101219201531');
INSERT INTO "schema_migrations" VALUES('20101223215658');
INSERT INTO "schema_migrations" VALUES('20110111122537');
INSERT INTO "schema_migrations" VALUES('20110208181405');
INSERT INTO "schema_migrations" VALUES('20110208134504');
INSERT INTO "schema_migrations" VALUES('20110203113622');
INSERT INTO "schema_migrations" VALUES('20110207101837');
CREATE TABLE "addresses" ("id" INTEGER PRIMARY KEY AUTOINCREMENT NOT NULL, "firstname" varchar(255), "lastname" varchar(255), "address1" varchar(255), "address2" varchar(255), "city" varchar(255), "state_id" integer, "zipcode" varchar(255), "country_id" integer, "phone" varchar(255), "created_at" datetime, "updated_at" datetime, "state_name" varchar(255), "alternative_phone" varchar(255));
INSERT INTO "addresses" VALUES(1,'Daniel','Levine','16 North Avenue West','','Cranford',471470972,'07716',214,'732 567 5769','2011-02-04 19:27:11.752181','2011-02-04 19:27:11.752181',NULL,NULL);
INSERT INTO "addresses" VALUES(2,'Daniel','Levine','16 North Avenue West','','Cranford',471470972,'07716',214,'732 567 5769','2011-02-04 19:27:11.795533','2011-02-04 19:27:11.795533',NULL,NULL);
INSERT INTO "addresses" VALUES(3,'Daniel','Levine','16 North Avenue West','','Cranford',471470972,'07716',214,'732 567 5769','2011-02-04 19:28:42.754915','2011-02-04 19:28:42.754915',NULL,NULL);
INSERT INTO "addresses" VALUES(4,'Daniel','Levine','16 North Avenue West','','Cranford',471470972,'07716',214,'732 567 5769','2011-02-04 19:30:49.560321','2011-02-04 19:30:49.560321',NULL,NULL);
DELETE FROM sqlite_sequence;
INSERT INTO "sqlite_sequence" VALUES('countries',226);
INSERT INTO "sqlite_sequence" VALUES('roles',2);
INSERT INTO "sqlite_sequence" VALUES('states',1061493585);
INSERT INTO "sqlite_sequence" VALUES('zone_members',1017582644);
INSERT INTO "sqlite_sequence" VALUES('zones',2);
INSERT INTO "sqlite_sequence" VALUES('configurations',2);
INSERT INTO "sqlite_sequence" VALUES('users',1);
INSERT INTO "sqlite_sequence" VALUES('taxonomies',11);
INSERT INTO "sqlite_sequence" VALUES('taxons',15);
INSERT INTO "sqlite_sequence" VALUES('products',9);
INSERT INTO "sqlite_sequence" VALUES('variants',13);
INSERT INTO "sqlite_sequence" VALUES('assets',11);
INSERT INTO "sqlite_sequence" VALUES('properties',1);
INSERT INTO "sqlite_sequence" VALUES('option_types',1);
INSERT INTO "sqlite_sequence" VALUES('option_values',4);
INSERT INTO "sqlite_sequence" VALUES('product_option_types',1);
INSERT INTO "sqlite_sequence" VALUES('orders',1);
INSERT INTO "sqlite_sequence" VALUES('tokenized_permissions',1);
INSERT INTO "sqlite_sequence" VALUES('line_items',1);
INSERT INTO "sqlite_sequence" VALUES('addresses',4);
INSERT INTO "sqlite_sequence" VALUES('shipping_methods',1);
INSERT INTO "sqlite_sequence" VALUES('calculators',2);
INSERT INTO "sqlite_sequence" VALUES('preferences',15);
INSERT INTO "sqlite_sequence" VALUES('tax_categories',1);
INSERT INTO "sqlite_sequence" VALUES('shipments',1);
INSERT INTO "sqlite_sequence" VALUES('adjustments',1);
INSERT INTO "sqlite_sequence" VALUES('payment_methods',1);
INSERT INTO "sqlite_sequence" VALUES('wysiwygs',5);
INSERT INTO "sqlite_sequence" VALUES('mail_methods',1);
INSERT INTO "sqlite_sequence" VALUES('topics',2);
INSERT INTO "sqlite_sequence" VALUES('contacts',15);
CREATE TABLE "assets" ("id" INTEGER PRIMARY KEY AUTOINCREMENT NOT NULL, "viewable_id" integer, "viewable_type" varchar(50), "attachment_content_type" varchar(255), "attachment_file_name" varchar(255), "attachment_size" integer, "position" integer, "type" varchar(75), "attachment_updated_at" datetime, "attachment_width" integer, "attachment_height" integer, "alt" text);
INSERT INTO "assets" VALUES(1,1,'Product','image/jpeg','1288224527-mp5-sd5.jpg',NULL,1,'Image','2011-01-31 16:21:24.138484',400,300,'');
INSERT INTO "assets" VALUES(2,2,'Product','image/jpeg','bw01.jpg',NULL,1,'Image','2011-01-31 16:22:09.307881',378,305,'');
INSERT INTO "assets" VALUES(3,3,'Product','image/jpeg','airsoft-gun-m39-2.jpg',NULL,1,'Image','2011-01-31 16:22:45.495981',470,470,'');
INSERT INTO "assets" VALUES(4,4,'Product','image/jpeg','handgun.jpg',NULL,1,'Image','2011-01-31 16:23:20.025557',340,299,'');
INSERT INTO "assets" VALUES(5,5,'Product','image/jpeg','tippmann-sniper-guns.JPG',NULL,1,'Image','2011-01-31 16:24:12.858662',491,322,'');
INSERT INTO "assets" VALUES(6,6,'Product','image/jpeg','wicked-bb-gun.jpg',NULL,1,'Image','2011-01-31 16:24:52.797750',450,369,'');
INSERT INTO "assets" VALUES(7,1,'Product','image/jpeg','bw01.jpg',NULL,2,'Image','2011-01-31 18:05:06.941568',378,305,'');
INSERT INTO "assets" VALUES(8,1,'Product','image/jpeg','handgun.jpg',NULL,3,'Image','2011-01-31 18:05:31.091816',340,299,'');
INSERT INTO "assets" VALUES(9,7,'Product','image/jpeg','dome1.jpg',NULL,1,'Image','2011-02-09 14:51:10.397292',400,333,'');
INSERT INTO "assets" VALUES(10,8,'Product','image/jpeg','dome2.jpg',NULL,1,'Image','2011-02-09 14:52:27.225359',350,293,'');
INSERT INTO "assets" VALUES(11,9,'Product','image/jpeg','baggies.jpg',NULL,1,'Image','2011-02-09 14:55:24.307313',1600,1200,'');
CREATE TABLE "calculators" ("id" INTEGER PRIMARY KEY AUTOINCREMENT NOT NULL, "type" varchar(255), "calculable_id" integer NOT NULL, "calculable_type" varchar(255) NOT NULL, "created_at" datetime, "updated_at" datetime);
INSERT INTO "calculators" VALUES(2,'Calculator::FlatPercentItemTotal',1,'ShippingMethod','2011-02-04 19:31:32.963140','2011-02-04 19:31:32.963140');
CREATE TABLE "configurations" ("id" INTEGER PRIMARY KEY AUTOINCREMENT NOT NULL, "name" varchar(255), "created_at" datetime, "updated_at" datetime, "type" varchar(50));
INSERT INTO "configurations" VALUES(1,'Default configuration','2011-01-25 15:57:07.690650','2011-01-25 15:57:07.690650','AppConfiguration');
INSERT INTO "configurations" VALUES(2,'Default spree_auth configuration','2011-02-04 19:25:00.745145','2011-02-04 19:25:00.745145','SpreeAuthConfiguration');
CREATE TABLE "countries" ("id" INTEGER PRIMARY KEY AUTOINCREMENT NOT NULL, "iso_name" varchar(255), "iso" varchar(255), "name" varchar(255), "iso3" varchar(255), "numcode" integer);
INSERT INTO "countries" VALUES(1,'AFGHANISTAN','AF','Afghanistan','AFG',4);
INSERT INTO "countries" VALUES(2,'ALBANIA','AL','Albania','ALB',8);
INSERT INTO "countries" VALUES(3,'ALGERIA','DZ','Algeria','DZA',12);
INSERT INTO "countries" VALUES(4,'AMERICAN SAMOA','AS','American Samoa','ASM',16);
INSERT INTO "countries" VALUES(5,'ANDORRA','AD','Andorra','AND',20);
INSERT INTO "countries" VALUES(6,'ANGOLA','AO','Angola','AGO',24);
INSERT INTO "countries" VALUES(7,'ANGUILLA','AI','Anguilla','AIA',660);
INSERT INTO "countries" VALUES(8,'ANTIGUA AND BARBUDA','AG','Antigua and Barbuda','ATG',28);
INSERT INTO "countries" VALUES(9,'ARGENTINA','AR','Argentina','ARG',32);
INSERT INTO "countries" VALUES(10,'ARMENIA','AM','Armenia','ARM',51);
INSERT INTO "countries" VALUES(11,'ARUBA','AW','Aruba','ABW',533);
INSERT INTO "countries" VALUES(12,'AUSTRALIA','AU','Australia','AUS',36);
INSERT INTO "countries" VALUES(13,'AUSTRIA','AT','Austria','AUT',40);
INSERT INTO "countries" VALUES(14,'AZERBAIJAN','AZ','Azerbaijan','AZE',31);
INSERT INTO "countries" VALUES(15,'BAHAMAS','BS','Bahamas','BHS',44);
INSERT INTO "countries" VALUES(16,'BAHRAIN','BH','Bahrain','BHR',48);
INSERT INTO "countries" VALUES(17,'BANGLADESH','BD','Bangladesh','BGD',50);
INSERT INTO "countries" VALUES(18,'BARBADOS','BB','Barbados','BRB',52);
INSERT INTO "countries" VALUES(19,'BELARUS','BY','Belarus','BLR',112);
INSERT INTO "countries" VALUES(20,'BELGIUM','BE','Belgium','BEL',56);
INSERT INTO "countries" VALUES(21,'BELIZE','BZ','Belize','BLZ',84);
INSERT INTO "countries" VALUES(22,'BENIN','BJ','Benin','BEN',204);
INSERT INTO "countries" VALUES(23,'BERMUDA','BM','Bermuda','BMU',60);
INSERT INTO "countries" VALUES(24,'BHUTAN','BT','Bhutan','BTN',64);
INSERT INTO "countries" VALUES(25,'BOLIVIA','BO','Bolivia','BOL',68);
INSERT INTO "countries" VALUES(26,'BOSNIA AND HERZEGOVINA','BA','Bosnia and Herzegovina','BIH',70);
INSERT INTO "countries" VALUES(27,'BOTSWANA','BW','Botswana','BWA',72);
INSERT INTO "countries" VALUES(28,'BRAZIL','BR','Brazil','BRA',76);
INSERT INTO "countries" VALUES(29,'BRUNEI DARUSSALAM','BN','Brunei Darussalam','BRN',96);
INSERT INTO "countries" VALUES(30,'BULGARIA','BG','Bulgaria','BGR',100);
INSERT INTO "countries" VALUES(31,'BURKINA FASO','BF','Burkina Faso','BFA',854);
INSERT INTO "countries" VALUES(32,'BURUNDI','BI','Burundi','BDI',108);
INSERT INTO "countries" VALUES(33,'CAMBODIA','KH','Cambodia','KHM',116);
INSERT INTO "countries" VALUES(34,'CAMEROON','CM','Cameroon','CMR',120);
INSERT INTO "countries" VALUES(35,'CANADA','CA','Canada','CAN',124);
INSERT INTO "countries" VALUES(36,'CAPE VERDE','CV','Cape Verde','CPV',132);
INSERT INTO "countries" VALUES(37,'CAYMAN ISLANDS','KY','Cayman Islands','CYM',136);
INSERT INTO "countries" VALUES(38,'CENTRAL AFRICAN REPUBLIC','CF','Central African Republic','CAF',140);
INSERT INTO "countries" VALUES(39,'CHAD','TD','Chad','TCD',148);
INSERT INTO "countries" VALUES(40,'CHILE','CL','Chile','CHL',152);
INSERT INTO "countries" VALUES(41,'CHINA','CN','China','CHN',156);
INSERT INTO "countries" VALUES(42,'COLOMBIA','CO','Colombia','COL',170);
INSERT INTO "countries" VALUES(43,'COMOROS','KM','Comoros','COM',174);
INSERT INTO "countries" VALUES(44,'CONGO','CG','Congo','COG',178);
INSERT INTO "countries" VALUES(45,'CONGO, THE DEMOCRATIC REPUBLIC OF THE','CD','Congo, the Democratic Republic of the','COD',180);
INSERT INTO "countries" VALUES(46,'COOK ISLANDS','CK','Cook Islands','COK',184);
INSERT INTO "countries" VALUES(47,'COSTA RICA','CR','Costa Rica','CRI',188);
INSERT INTO "countries" VALUES(48,'COTE D''IVOIRE','CI','Cote D''Ivoire','CIV',384);
INSERT INTO "countries" VALUES(49,'CROATIA','HR','Croatia','HRV',191);
INSERT INTO "countries" VALUES(50,'CUBA','CU','Cuba','CUB',192);
INSERT INTO "countries" VALUES(51,'CYPRUS','CY','Cyprus','CYP',196);
INSERT INTO "countries" VALUES(52,'CZECH REPUBLIC','CZ','Czech Republic','CZE',203);
INSERT INTO "countries" VALUES(53,'DENMARK','DK','Denmark','DNK',208);
INSERT INTO "countries" VALUES(54,'DJIBOUTI','DJ','Djibouti','DJI',262);
INSERT INTO "countries" VALUES(55,'DOMINICA','DM','Dominica','DMA',212);
INSERT INTO "countries" VALUES(56,'DOMINICAN REPUBLIC','DO','Dominican Republic','DOM',214);
INSERT INTO "countries" VALUES(57,'ECUADOR','EC','Ecuador','ECU',218);
INSERT INTO "countries" VALUES(58,'EGYPT','EG','Egypt','EGY',818);
INSERT INTO "countries" VALUES(59,'EL SALVADOR','SV','El Salvador','SLV',222);
INSERT INTO "countries" VALUES(60,'EQUATORIAL GUINEA','GQ','Equatorial Guinea','GNQ',226);
INSERT INTO "countries" VALUES(61,'ERITREA','ER','Eritrea','ERI',232);
INSERT INTO "countries" VALUES(62,'ESTONIA','EE','Estonia','EST',233);
INSERT INTO "countries" VALUES(63,'ETHIOPIA','ET','Ethiopia','ETH',231);
INSERT INTO "countries" VALUES(64,'FALKLAND ISLANDS (MALVINAS)','FK','Falkland Islands (Malvinas)','FLK',238);
INSERT INTO "countries" VALUES(65,'FAROE ISLANDS','FO','Faroe Islands','FRO',234);
INSERT INTO "countries" VALUES(66,'FIJI','FJ','Fiji','FJI',242);
INSERT INTO "countries" VALUES(67,'FINLAND','FI','Finland','FIN',246);
INSERT INTO "countries" VALUES(68,'FRANCE','FR','France','FRA',250);
INSERT INTO "countries" VALUES(69,'FRENCH GUIANA','GF','French Guiana','GUF',254);
INSERT INTO "countries" VALUES(70,'FRENCH POLYNESIA','PF','French Polynesia','PYF',258);
INSERT INTO "countries" VALUES(71,'GABON','GA','Gabon','GAB',266);
INSERT INTO "countries" VALUES(72,'GAMBIA','GM','Gambia','GMB',270);
INSERT INTO "countries" VALUES(73,'GEORGIA','GE','Georgia','GEO',268);
INSERT INTO "countries" VALUES(74,'GERMANY','DE','Germany','DEU',276);
INSERT INTO "countries" VALUES(75,'GHANA','GH','Ghana','GHA',288);
INSERT INTO "countries" VALUES(76,'GIBRALTAR','GI','Gibraltar','GIB',292);
INSERT INTO "countries" VALUES(77,'GREECE','GR','Greece','GRC',300);
INSERT INTO "countries" VALUES(78,'GREENLAND','GL','Greenland','GRL',304);
INSERT INTO "countries" VALUES(79,'GRENADA','GD','Grenada','GRD',308);
INSERT INTO "countries" VALUES(80,'GUADELOUPE','GP','Guadeloupe','GLP',312);
INSERT INTO "countries" VALUES(81,'GUAM','GU','Guam','GUM',316);
INSERT INTO "countries" VALUES(82,'GUATEMALA','GT','Guatemala','GTM',320);
INSERT INTO "countries" VALUES(83,'GUINEA','GN','Guinea','GIN',324);
INSERT INTO "countries" VALUES(84,'GUINEA-BISSAU','GW','Guinea-Bissau','GNB',624);
INSERT INTO "countries" VALUES(85,'GUYANA','GY','Guyana','GUY',328);
INSERT INTO "countries" VALUES(86,'HAITI','HT','Haiti','HTI',332);
INSERT INTO "countries" VALUES(87,'HOLY SEE (VATICAN CITY STATE)','VA','Holy See (Vatican City State)','VAT',336);
INSERT INTO "countries" VALUES(88,'HONDURAS','HN','Honduras','HND',340);
INSERT INTO "countries" VALUES(89,'HONG KONG','HK','Hong Kong','HKG',344);
INSERT INTO "countries" VALUES(90,'HUNGARY','HU','Hungary','HUN',348);
INSERT INTO "countries" VALUES(91,'ICELAND','IS','Iceland','ISL',352);
INSERT INTO "countries" VALUES(92,'INDIA','IN','India','IND',356);
INSERT INTO "countries" VALUES(93,'INDONESIA','ID','Indonesia','IDN',360);
INSERT INTO "countries" VALUES(94,'IRAN, ISLAMIC REPUBLIC OF','IR','Iran, Islamic Republic of','IRN',364);
INSERT INTO "countries" VALUES(95,'IRAQ','IQ','Iraq','IRQ',368);
INSERT INTO "countries" VALUES(96,'IRELAND','IE','Ireland','IRL',372);
INSERT INTO "countries" VALUES(97,'ISRAEL','IL','Israel','ISR',376);
INSERT INTO "countries" VALUES(98,'ITALY','IT','Italy','ITA',380);
INSERT INTO "countries" VALUES(99,'JAMAICA','JM','Jamaica','JAM',388);
INSERT INTO "countries" VALUES(100,'JAPAN','JP','Japan','JPN',392);
INSERT INTO "countries" VALUES(101,'JORDAN','JO','Jordan','JOR',400);
INSERT INTO "countries" VALUES(102,'KAZAKHSTAN','KZ','Kazakhstan','KAZ',398);
INSERT INTO "countries" VALUES(103,'KENYA','KE','Kenya','KEN',404);
INSERT INTO "countries" VALUES(104,'KIRIBATI','KI','Kiribati','KIR',296);
INSERT INTO "countries" VALUES(105,'KOREA, DEMOCRATIC PEOPLE''S REPUBLIC OF','KP','North Korea','PRK',408);
INSERT INTO "countries" VALUES(106,'KOREA, REPUBLIC OF','KR','South Korea','KOR',410);
INSERT INTO "countries" VALUES(107,'KUWAIT','KW','Kuwait','KWT',414);
INSERT INTO "countries" VALUES(108,'KYRGYZSTAN','KG','Kyrgyzstan','KGZ',417);
INSERT INTO "countries" VALUES(109,'LAO PEOPLE''S DEMOCRATIC REPUBLIC','LA','Lao People''s Democratic Republic','LAO',418);
INSERT INTO "countries" VALUES(110,'LATVIA','LV','Latvia','LVA',428);
INSERT INTO "countries" VALUES(111,'LEBANON','LB','Lebanon','LBN',422);
INSERT INTO "countries" VALUES(112,'LESOTHO','LS','Lesotho','LSO',426);
INSERT INTO "countries" VALUES(113,'LIBERIA','LR','Liberia','LBR',430);
INSERT INTO "countries" VALUES(114,'LIBYAN ARAB JAMAHIRIYA','LY','Libyan Arab Jamahiriya','LBY',434);
INSERT INTO "countries" VALUES(115,'LIECHTENSTEIN','LI','Liechtenstein','LIE',438);
INSERT INTO "countries" VALUES(116,'LITHUANIA','LT','Lithuania','LTU',440);
INSERT INTO "countries" VALUES(117,'LUXEMBOURG','LU','Luxembourg','LUX',442);
INSERT INTO "countries" VALUES(118,'MACAO','MO','Macao','MAC',446);
INSERT INTO "countries" VALUES(119,'MACEDONIA, THE FORMER YUGOSLAV REPUBLIC OF','MK','Macedonia','MKD',807);
INSERT INTO "countries" VALUES(120,'MADAGASCAR','MG','Madagascar','MDG',450);
INSERT INTO "countries" VALUES(121,'MALAWI','MW','Malawi','MWI',454);
INSERT INTO "countries" VALUES(122,'MALAYSIA','MY','Malaysia','MYS',458);
INSERT INTO "countries" VALUES(123,'MALDIVES','MV','Maldives','MDV',462);
INSERT INTO "countries" VALUES(124,'MALI','ML','Mali','MLI',466);
INSERT INTO "countries" VALUES(125,'MALTA','MT','Malta','MLT',470);
INSERT INTO "countries" VALUES(126,'MARSHALL ISLANDS','MH','Marshall Islands','MHL',584);
INSERT INTO "countries" VALUES(127,'MARTINIQUE','MQ','Martinique','MTQ',474);
INSERT INTO "countries" VALUES(128,'MAURITANIA','MR','Mauritania','MRT',478);
INSERT INTO "countries" VALUES(129,'MAURITIUS','MU','Mauritius','MUS',480);
INSERT INTO "countries" VALUES(130,'MEXICO','MX','Mexico','MEX',484);
INSERT INTO "countries" VALUES(131,'MICRONESIA, FEDERATED STATES OF','FM','Micronesia, Federated States of','FSM',583);
INSERT INTO "countries" VALUES(132,'MOLDOVA, REPUBLIC OF','MD','Moldova, Republic of','MDA',498);
INSERT INTO "countries" VALUES(133,'MONACO','MC','Monaco','MCO',492);
INSERT INTO "countries" VALUES(134,'MONGOLIA','MN','Mongolia','MNG',496);
INSERT INTO "countries" VALUES(135,'MONTSERRAT','MS','Montserrat','MSR',500);
INSERT INTO "countries" VALUES(136,'MOROCCO','MA','Morocco','MAR',504);
INSERT INTO "countries" VALUES(137,'MOZAMBIQUE','MZ','Mozambique','MOZ',508);
INSERT INTO "countries" VALUES(138,'MYANMAR','MM','Myanmar','MMR',104);
INSERT INTO "countries" VALUES(139,'NAMIBIA','NA','Namibia','NAM',516);
INSERT INTO "countries" VALUES(140,'NAURU','NR','Nauru','NRU',520);
INSERT INTO "countries" VALUES(141,'NEPAL','NP','Nepal','NPL',524);
INSERT INTO "countries" VALUES(142,'NETHERLANDS','NL','Netherlands','NLD',528);
INSERT INTO "countries" VALUES(143,'NETHERLANDS ANTILLES','AN','Netherlands Antilles','ANT',530);
INSERT INTO "countries" VALUES(144,'NEW CALEDONIA','NC','New Caledonia','NCL',540);
INSERT INTO "countries" VALUES(145,'NEW ZEALAND','NZ','New Zealand','NZL',554);
INSERT INTO "countries" VALUES(146,'NICARAGUA','NI','Nicaragua','NIC',558);
INSERT INTO "countries" VALUES(147,'NIGER','NE','Niger','NER',562);
INSERT INTO "countries" VALUES(148,'NIGERIA','NG','Nigeria','NGA',566);
INSERT INTO "countries" VALUES(149,'NIUE','NU','Niue','NIU',570);
INSERT INTO "countries" VALUES(150,'NORFOLK ISLAND','NF','Norfolk Island','NFK',574);
INSERT INTO "countries" VALUES(151,'NORTHERN MARIANA ISLANDS','MP','Northern Mariana Islands','MNP',580);
INSERT INTO "countries" VALUES(152,'NORWAY','NO','Norway','NOR',578);
INSERT INTO "countries" VALUES(153,'OMAN','OM','Oman','OMN',512);
INSERT INTO "countries" VALUES(154,'PAKISTAN','PK','Pakistan','PAK',586);
INSERT INTO "countries" VALUES(155,'PALAU','PW','Palau','PLW',585);
INSERT INTO "countries" VALUES(156,'PANAMA','PA','Panama','PAN',591);
INSERT INTO "countries" VALUES(157,'PAPUA NEW GUINEA','PG','Papua New Guinea','PNG',598);
INSERT INTO "countries" VALUES(158,'PARAGUAY','PY','Paraguay','PRY',600);
INSERT INTO "countries" VALUES(159,'PERU','PE','Peru','PER',604);
INSERT INTO "countries" VALUES(160,'PHILIPPINES','PH','Philippines','PHL',608);
INSERT INTO "countries" VALUES(161,'PITCAIRN','PN','Pitcairn','PCN',612);
INSERT INTO "countries" VALUES(162,'POLAND','PL','Poland','POL',616);
INSERT INTO "countries" VALUES(163,'PORTUGAL','PT','Portugal','PRT',620);
INSERT INTO "countries" VALUES(164,'PUERTO RICO','PR','Puerto Rico','PRI',630);
INSERT INTO "countries" VALUES(165,'QATAR','QA','Qatar','QAT',634);
INSERT INTO "countries" VALUES(166,'REUNION','RE','Reunion','REU',638);
INSERT INTO "countries" VALUES(167,'ROMANIA','RO','Romania','ROM',642);
INSERT INTO "countries" VALUES(168,'RUSSIAN FEDERATION','RU','Russian Federation','RUS',643);
INSERT INTO "countries" VALUES(169,'RWANDA','RW','Rwanda','RWA',646);
INSERT INTO "countries" VALUES(170,'SAINT HELENA','SH','Saint Helena','SHN',654);
INSERT INTO "countries" VALUES(171,'SAINT KITTS AND NEVIS','KN','Saint Kitts and Nevis','KNA',659);
INSERT INTO "countries" VALUES(172,'SAINT LUCIA','LC','Saint Lucia','LCA',662);
INSERT INTO "countries" VALUES(173,'SAINT PIERRE AND MIQUELON','PM','Saint Pierre and Miquelon','SPM',666);
INSERT INTO "countries" VALUES(174,'SAINT VINCENT AND THE GRENADINES','VC','Saint Vincent and the Grenadines','VCT',670);
INSERT INTO "countries" VALUES(175,'SAMOA','WS','Samoa','WSM',882);
INSERT INTO "countries" VALUES(176,'SAN MARINO','SM','San Marino','SMR',674);
INSERT INTO "countries" VALUES(177,'SAO TOME AND PRINCIPE','ST','Sao Tome and Principe','STP',678);
INSERT INTO "countries" VALUES(178,'SAUDI ARABIA','SA','Saudi Arabia','SAU',682);
INSERT INTO "countries" VALUES(179,'SENEGAL','SN','Senegal','SEN',686);
INSERT INTO "countries" VALUES(180,'SEYCHELLES','SC','Seychelles','SYC',690);
INSERT INTO "countries" VALUES(181,'SIERRA LEONE','SL','Sierra Leone','SLE',694);
INSERT INTO "countries" VALUES(182,'SINGAPORE','SG','Singapore','SGP',702);
INSERT INTO "countries" VALUES(183,'SLOVAKIA','SK','Slovakia','SVK',703);
INSERT INTO "countries" VALUES(184,'SLOVENIA','SI','Slovenia','SVN',705);
INSERT INTO "countries" VALUES(185,'SOLOMON ISLANDS','SB','Solomon Islands','SLB',90);
INSERT INTO "countries" VALUES(186,'SOMALIA','SO','Somalia','SOM',706);
INSERT INTO "countries" VALUES(187,'SOUTH AFRICA','ZA','South Africa','ZAF',710);
INSERT INTO "countries" VALUES(188,'SPAIN','ES','Spain','ESP',724);
INSERT INTO "countries" VALUES(189,'SRI LANKA','LK','Sri Lanka','LKA',144);
INSERT INTO "countries" VALUES(190,'SUDAN','SD','Sudan','SDN',736);
INSERT INTO "countries" VALUES(191,'SURINAME','SR','Suriname','SUR',740);
INSERT INTO "countries" VALUES(192,'SVALBARD AND JAN MAYEN','SJ','Svalbard and Jan Mayen','SJM',744);
INSERT INTO "countries" VALUES(193,'SWAZILAND','SZ','Swaziland','SWZ',748);
INSERT INTO "countries" VALUES(194,'SWEDEN','SE','Sweden','SWE',752);
INSERT INTO "countries" VALUES(195,'SWITZERLAND','CH','Switzerland','CHE',756);
INSERT INTO "countries" VALUES(196,'SYRIAN ARAB REPUBLIC','SY','Syrian Arab Republic','SYR',760);
INSERT INTO "countries" VALUES(197,'TAIWAN, PROVINCE OF CHINA','TW','Taiwan','TWN',158);
INSERT INTO "countries" VALUES(198,'TAJIKISTAN','TJ','Tajikistan','TJK',762);
INSERT INTO "countries" VALUES(199,'TANZANIA, UNITED REPUBLIC OF','TZ','Tanzania, United Republic of','TZA',834);
INSERT INTO "countries" VALUES(200,'THAILAND','TH','Thailand','THA',764);
INSERT INTO "countries" VALUES(201,'TOGO','TG','Togo','TGO',768);
INSERT INTO "countries" VALUES(202,'TOKELAU','TK','Tokelau','TKL',772);
INSERT INTO "countries" VALUES(203,'TONGA','TO','Tonga','TON',776);
INSERT INTO "countries" VALUES(204,'TRINIDAD AND TOBAGO','TT','Trinidad and Tobago','TTO',780);
INSERT INTO "countries" VALUES(205,'TUNISIA','TN','Tunisia','TUN',788);
INSERT INTO "countries" VALUES(206,'TURKEY','TR','Turkey','TUR',792);
INSERT INTO "countries" VALUES(207,'TURKMENISTAN','TM','Turkmenistan','TKM',795);
INSERT INTO "countries" VALUES(208,'TURKS AND CAICOS ISLANDS','TC','Turks and Caicos Islands','TCA',796);
INSERT INTO "countries" VALUES(209,'TUVALU','TV','Tuvalu','TUV',798);
INSERT INTO "countries" VALUES(210,'UGANDA','UG','Uganda','UGA',800);
INSERT INTO "countries" VALUES(211,'UKRAINE','UA','Ukraine','UKR',804);
INSERT INTO "countries" VALUES(212,'UNITED ARAB EMIRATES','AE','United Arab Emirates','ARE',784);
INSERT INTO "countries" VALUES(213,'UNITED KINGDOM','GB','United Kingdom','GBR',826);
INSERT INTO "countries" VALUES(214,'UNITED STATES','US','United States','USA',840);
INSERT INTO "countries" VALUES(215,'URUGUAY','UY','Uruguay','URY',858);
INSERT INTO "countries" VALUES(216,'UZBEKISTAN','UZ','Uzbekistan','UZB',860);
INSERT INTO "countries" VALUES(217,'VANUATU','VU','Vanuatu','VUT',548);
INSERT INTO "countries" VALUES(218,'VENEZUELA','VE','Venezuela','VEN',862);
INSERT INTO "countries" VALUES(219,'VIET NAM','VN','Viet Nam','VNM',704);
INSERT INTO "countries" VALUES(220,'VIRGIN ISLANDS, BRITISH','VG','Virgin Islands, British','VGB',92);
INSERT INTO "countries" VALUES(221,'VIRGIN ISLANDS, U.S.','VI','Virgin Islands, U.S.','VIR',850);
INSERT INTO "countries" VALUES(222,'WALLIS AND FUTUNA','WF','Wallis and Futuna','WLF',876);
INSERT INTO "countries" VALUES(223,'WESTERN SAHARA','EH','Western Sahara','ESH',732);
INSERT INTO "countries" VALUES(224,'YEMEN','YE','Yemen','YEM',887);
INSERT INTO "countries" VALUES(225,'ZAMBIA','ZM','Zambia','ZMB',894);
INSERT INTO "countries" VALUES(226,'ZIMBABWE','ZW','Zimbabwe','ZWE',716);
CREATE TABLE "promotions" ("id" INTEGER PRIMARY KEY AUTOINCREMENT NOT NULL, "code" varchar(255), "description" varchar(255), "usage_limit" integer, "combine" boolean, "expires_at" datetime, "created_at" datetime, "updated_at" datetime, "starts_at" datetime, "match_policy" varchar(255) DEFAULT 'all', "name" varchar(255));
CREATE TABLE "inventory_units" ("id" INTEGER PRIMARY KEY AUTOINCREMENT NOT NULL, "variant_id" integer, "order_id" integer, "state" varchar(255), "lock_version" integer DEFAULT 0, "created_at" datetime, "updated_at" datetime, "shipment_id" integer, "return_authorization_id" integer);
CREATE TABLE "line_items" ("id" INTEGER PRIMARY KEY AUTOINCREMENT NOT NULL, "order_id" integer, "variant_id" integer, "quantity" integer NOT NULL, "price" decimal(8,2) NOT NULL, "created_at" datetime, "updated_at" datetime);
INSERT INTO "line_items" VALUES(1,1,7,1,20,'2011-02-04 19:19:14.690750','2011-02-04 19:19:14.690750');
CREATE TABLE "option_types" ("id" INTEGER PRIMARY KEY AUTOINCREMENT NOT NULL, "name" varchar(100), "presentation" varchar(100), "created_at" datetime, "updated_at" datetime, "position" integer DEFAULT 0 NOT NULL);
INSERT INTO "option_types" VALUES(1,'Sizes','Sizes','2011-01-31 18:35:10.231247','2011-01-31 18:37:25.978271',0);
CREATE TABLE "option_types_prototypes" ("prototype_id" integer, "option_type_id" integer);
CREATE TABLE "option_values" ("id" INTEGER PRIMARY KEY AUTOINCREMENT NOT NULL, "option_type_id" integer, "name" varchar(255), "position" integer, "presentation" varchar(255), "created_at" datetime, "updated_at" datetime);
INSERT INTO "option_values" VALUES(1,1,'small',1,'small','2011-01-31 18:35:34.745594','2011-01-31 18:35:34.745594');
INSERT INTO "option_values" VALUES(2,1,'medium',2,'medium','2011-01-31 18:35:34.748785','2011-01-31 18:35:34.748785');
INSERT INTO "option_values" VALUES(3,1,'large',3,'large','2011-01-31 18:35:34.750886','2011-01-31 18:35:34.750886');
INSERT INTO "option_values" VALUES(4,1,'escalade',4,'escalade','2011-01-31 18:35:34.753414','2011-01-31 18:35:34.753414');
CREATE TABLE "option_values_variants" ("variant_id" integer, "option_value_id" integer);
INSERT INTO "option_values_variants" VALUES(7,1);
INSERT INTO "option_values_variants" VALUES(8,2);
INSERT INTO "option_values_variants" VALUES(9,3);
INSERT INTO "option_values_variants" VALUES(10,4);
CREATE TABLE "product_option_types" ("id" INTEGER PRIMARY KEY AUTOINCREMENT NOT NULL, "product_id" integer, "option_type_id" integer, "position" integer, "created_at" datetime, "updated_at" datetime);
INSERT INTO "product_option_types" VALUES(1,1,1,1,'2011-01-31 18:36:03.989558','2011-01-31 18:36:03.989558');
CREATE TABLE "product_properties" ("id" INTEGER PRIMARY KEY AUTOINCREMENT NOT NULL, "product_id" integer, "property_id" integer, "value" varchar(255), "created_at" datetime, "updated_at" datetime);
CREATE TABLE "products" ("id" INTEGER PRIMARY KEY AUTOINCREMENT NOT NULL, "name" varchar(255) DEFAULT '' NOT NULL, "description" text, "created_at" datetime, "updated_at" datetime, "permalink" varchar(255), "available_on" datetime, "tax_category_id" integer, "shipping_category_id" integer, "deleted_at" datetime, "meta_description" varchar(255), "meta_keywords" varchar(255), "count_on_hand" integer DEFAULT 0 NOT NULL);
INSERT INTO "products" VALUES(1,'Maximum Freedom','Lorem ipsum dolor sit amet, consectetur adipisicing elit, sed do eiusmod tempor incididunt ut labore et dolore magna aliqua. Ut enim ad minim veniam, quis nostrud exercitation ullamco laboris nisi ut aliquip ex ea commodo consequat. ','2011-01-31 16:21:05.656857','2011-01-31 18:37:00.393234','maximum-freedom','2011-01-31 00:00:00.000000',NULL,NULL,NULL,'','',0);
INSERT INTO "products" VALUES(2,'Delectible Wisdom',NULL,'2011-01-31 16:21:55.266344','2011-01-31 16:21:55.266344','delectible-wisdom','2011-01-31 00:00:00.000000',NULL,NULL,NULL,NULL,NULL,0);
INSERT INTO "products" VALUES(3,'Stanky G''s',NULL,'2011-01-31 16:22:33.776608','2011-01-31 16:22:33.776608','stanky-gs','2011-01-28 00:00:00.000000',NULL,NULL,NULL,NULL,NULL,0);
INSERT INTO "products" VALUES(4,'Patience',NULL,'2011-01-31 16:23:06.423931','2011-01-31 16:23:06.423931','patience','2011-01-28 00:00:00.000000',NULL,NULL,NULL,NULL,NULL,0);
INSERT INTO "products" VALUES(5,'What did you say?',NULL,'2011-01-31 16:23:56.396897','2011-01-31 16:23:56.396897','what-did-you-say','2011-01-28 00:00:00.000000',NULL,NULL,NULL,NULL,NULL,0);
INSERT INTO "products" VALUES(6,'Words from the unWise',NULL,'2011-01-31 16:24:39.441623','2011-01-31 16:24:39.441623','words-from-the-unwise','2011-01-28 00:00:00.000000',NULL,NULL,NULL,NULL,NULL,0);
INSERT INTO "products" VALUES(7,'Dome Unity',NULL,'2011-02-09 14:49:55.941182','2011-02-09 14:49:55.941182','dome-unity','2011-02-09 00:00:00.000000',NULL,NULL,NULL,NULL,NULL,0);
INSERT INTO "products" VALUES(8,'Dome Slappy Fries','','2011-02-09 14:52:03.731280','2011-02-09 14:52:12.971687','dome-slappy-fries','2011-02-09 00:00:00.000000',NULL,NULL,NULL,'','',0);
INSERT INTO "products" VALUES(9,'real drugs','','2011-02-09 14:54:14.793157','2011-02-09 14:54:24.638416','real-drugs','2011-02-09 00:00:00.000000',NULL,NULL,NULL,'','',0);
CREATE TABLE "products_taxons" ("product_id" integer, "taxon_id" integer);
INSERT INTO "products_taxons" VALUES(2,9);
INSERT INTO "products_taxons" VALUES(1,9);
INSERT INTO "products_taxons" VALUES(4,9);
INSERT INTO "products_taxons" VALUES(3,9);
INSERT INTO "products_taxons" VALUES(5,9);
INSERT INTO "products_taxons" VALUES(6,9);
INSERT INTO "products_taxons" VALUES(8,14);
INSERT INTO "products_taxons" VALUES(7,14);
INSERT INTO "products_taxons" VALUES(9,15);
CREATE TABLE "properties" ("id" INTEGER PRIMARY KEY AUTOINCREMENT NOT NULL, "name" varchar(255), "presentation" varchar(255) NOT NULL, "created_at" datetime, "updated_at" datetime);
INSERT INTO "properties" VALUES(1,'Gay Repellant','gay..repellant.','2011-01-31 18:34:50.351014','2011-01-31 18:34:50.351014');
CREATE TABLE "properties_prototypes" ("prototype_id" integer, "property_id" integer);
CREATE TABLE "prototypes" ("id" INTEGER PRIMARY KEY AUTOINCREMENT NOT NULL, "name" varchar(255), "created_at" datetime, "updated_at" datetime);
CREATE TABLE "roles" ("id" INTEGER PRIMARY KEY AUTOINCREMENT NOT NULL, "name" varchar(255));
INSERT INTO "roles" VALUES(1,'admin');
INSERT INTO "roles" VALUES(2,'user');
CREATE TABLE "roles_users" ("role_id" integer, "user_id" integer);
INSERT INTO "roles_users" VALUES(1,1);
CREATE TABLE "shipments" ("id" INTEGER PRIMARY KEY AUTOINCREMENT NOT NULL, "order_id" integer, "shipping_method_id" integer, "tracking" varchar(255), "created_at" datetime, "updated_at" datetime, "number" varchar(255), "cost" decimal(8,2), "shipped_at" datetime, "address_id" integer, "state" varchar(255));
INSERT INTO "shipments" VALUES(1,1,1,NULL,'2011-02-04 19:31:54.630514','2011-02-04 19:31:54.630514','H05775167704',NULL,NULL,2,'pending');
CREATE TABLE "shipping_categories" ("id" INTEGER PRIMARY KEY AUTOINCREMENT NOT NULL, "name" varchar(255), "created_at" datetime, "updated_at" datetime);
CREATE TABLE "shipping_methods" ("id" INTEGER PRIMARY KEY AUTOINCREMENT NOT NULL, "zone_id" integer, "name" varchar(255), "created_at" datetime, "updated_at" datetime, "display_on" varchar(255) DEFAULT NULL);
INSERT INTO "shipping_methods" VALUES(1,2,'Stanky G''s Wonderful Shipping','2011-02-04 19:28:02.758041','2011-02-04 19:28:02.758041','');
CREATE TABLE "states" ("id" INTEGER PRIMARY KEY AUTOINCREMENT NOT NULL, "name" varchar(255), "abbr" varchar(255), "country_id" integer);
INSERT INTO "states" VALUES(6764998,'District of Columbia','DC',214);
INSERT INTO "states" VALUES(17199670,'Utah','UT',214);
INSERT INTO "states" VALUES(37199952,'Louisiana','LA',214);
INSERT INTO "states" VALUES(41111624,'Virginia','VA',214);
INSERT INTO "states" VALUES(51943165,'North Dakota','ND',214);
INSERT INTO "states" VALUES(66390489,'Wyoming','WY',214);
INSERT INTO "states" VALUES(69729944,'New Mexico','NM',214);
INSERT INTO "states" VALUES(69870734,'Connecticut','CT',214);
INSERT INTO "states" VALUES(91367981,'West Virginia','WV',214);
INSERT INTO "states" VALUES(103680699,'Wisconsin','WI',214);
INSERT INTO "states" VALUES(177087202,'North Carolina','NC',214);
INSERT INTO "states" VALUES(179539703,'Nevada','NV',214);
INSERT INTO "states" VALUES(199950338,'Hawaii','HI',214);
INSERT INTO "states" VALUES(248548169,'Oklahoma','OK',214);
INSERT INTO "states" VALUES(267271847,'Florida','FL',214);
INSERT INTO "states" VALUES(276110813,'California','CA',214);
INSERT INTO "states" VALUES(298914262,'Oregon','OR',214);
INSERT INTO "states" VALUES(308473843,'Kentucky','KY',214);
INSERT INTO "states" VALUES(385551075,'Massachusetts','MA',214);
INSERT INTO "states" VALUES(403740659,'Alaska','AK',214);
INSERT INTO "states" VALUES(414569975,'Washington','WA',214);
INSERT INTO "states" VALUES(426832442,'New Hampshire','NH',214);
INSERT INTO "states" VALUES(471470972,'Arkansas','AR',214);
INSERT INTO "states" VALUES(471711976,'Pennsylvania','PA',214);
INSERT INTO "states" VALUES(474001862,'Rhode Island','RI',214);
INSERT INTO "states" VALUES(480368357,'Maryland','MD',214);
INSERT INTO "states" VALUES(485193526,'Ohio','OH',214);
INSERT INTO "states" VALUES(525212995,'Texas','TX',214);
INSERT INTO "states" VALUES(532363768,'Mississippi','MS',214);
INSERT INTO "states" VALUES(536031023,'Colorado','CO',214);
INSERT INTO "states" VALUES(597434151,'South Carolina','SC',214);
INSERT INTO "states" VALUES(615306087,'South Dakota','SD',214);
INSERT INTO "states" VALUES(625629523,'Illinois','IL',214);
INSERT INTO "states" VALUES(653576146,'Missouri','MO',214);
INSERT INTO "states" VALUES(673350891,'Nebraska','NE',214);
INSERT INTO "states" VALUES(721598219,'Delaware','DE',214);
INSERT INTO "states" VALUES(726305632,'Tennessee','TN',214);
INSERT INTO "states" VALUES(750950030,'New Jersey','NJ',214);
INSERT INTO "states" VALUES(769938586,'Indiana','IN',214);
INSERT INTO "states" VALUES(825306985,'Iowa','IA',214);
INSERT INTO "states" VALUES(876916760,'Georgia','GA',214);
INSERT INTO "states" VALUES(889445952,'New York','NY',214);
INSERT INTO "states" VALUES(931624400,'Michigan','MI',214);
INSERT INTO "states" VALUES(948208802,'Arizona','AZ',214);
INSERT INTO "states" VALUES(969722173,'Kansas','KS',214);
INSERT INTO "states" VALUES(982433740,'Idaho','ID',214);
INSERT INTO "states" VALUES(989115415,'Vermont','VT',214);
INSERT INTO "states" VALUES(999156632,'Montana','MT',214);
INSERT INTO "states" VALUES(1032288924,'Minnesota','MN',214);
INSERT INTO "states" VALUES(1055056709,'Maine','ME',214);
INSERT INTO "states" VALUES(1061493585,'Alabama','AL',214);
CREATE TABLE "tax_categories" ("id" INTEGER PRIMARY KEY AUTOINCREMENT NOT NULL, "name" varchar(255), "description" varchar(255), "created_at" datetime, "updated_at" datetime, "is_default" boolean DEFAULT 'f');
INSERT INTO "tax_categories" VALUES(1,'Slaming Sexy Taxes for Freedom','This is For Freedom','2011-02-04 19:29:46.506484','2011-02-04 19:29:46.506484','t');
CREATE TABLE "tax_rates" ("id" INTEGER PRIMARY KEY AUTOINCREMENT NOT NULL, "zone_id" integer, "amount" decimal(8,4), "created_at" datetime, "updated_at" datetime, "tax_category_id" integer);
CREATE TABLE "taxonomies" ("id" INTEGER PRIMARY KEY AUTOINCREMENT NOT NULL, "name" varchar(255) NOT NULL, "created_at" datetime, "updated_at" datetime);
INSERT INTO "taxonomies" VALUES(7,'shirts','2011-02-09 14:33:35.438264','2011-02-09 14:33:35.438264');
INSERT INTO "taxonomies" VALUES(8,'hoodies','2011-02-09 14:38:17.954640','2011-02-09 14:38:17.954640');
INSERT INTO "taxonomies" VALUES(9,'gear','2011-02-09 14:38:32.300509','2011-02-09 14:38:32.300509');
INSERT INTO "taxonomies" VALUES(10,'stickers','2011-02-09 14:38:46.892226','2011-02-09 14:38:46.892226');
INSERT INTO "taxonomies" VALUES(11,'propaganda ( free shit )','2011-02-09 14:39:01.495608','2011-02-09 14:39:01.495608');
CREATE TABLE "taxons" ("id" INTEGER PRIMARY KEY AUTOINCREMENT NOT NULL, "taxonomy_id" integer NOT NULL, "parent_id" integer, "position" integer DEFAULT 0, "name" varchar(255) NOT NULL, "created_at" datetime, "updated_at" datetime, "permalink" varchar(255), "lft" integer, "rgt" integer, "icon_file_name" varchar(255), "icon_content_type" varchar(255), "icon_file_size" integer, "icon_updated_at" datetime, "description" text);
INSERT INTO "taxons" VALUES(9,7,NULL,0,'shirts','2011-02-09 14:33:35.492992','2011-02-09 14:33:35.492992','shirts/',1,2,NULL,NULL,NULL,NULL,NULL);
INSERT INTO "taxons" VALUES(10,8,NULL,0,'hoodies','2011-02-09 14:38:18.008346','2011-02-09 14:38:18.008346','hoodies/',3,4,NULL,NULL,NULL,NULL,NULL);
INSERT INTO "taxons" VALUES(11,9,NULL,0,'gear','2011-02-09 14:38:32.355992','2011-02-09 14:38:32.355992','gear/',5,10,NULL,NULL,NULL,NULL,NULL);
INSERT INTO "taxons" VALUES(12,10,NULL,0,'stickers','2011-02-09 14:38:46.947962','2011-02-09 14:38:46.947962','stickers/',11,12,NULL,NULL,NULL,NULL,NULL);
INSERT INTO "taxons" VALUES(13,11,NULL,0,'propaganda ( free shit )','2011-02-09 14:39:01.550689','2011-02-09 14:39:01.550689','propaganda-free-shit/',13,14,NULL,NULL,NULL,NULL,NULL);
INSERT INTO "taxons" VALUES(14,9,11,0,'dome covers','2011-02-09 14:47:11.464574','2011-02-09 14:47:21.133738','gear/new-node/',6,7,NULL,NULL,NULL,NULL,NULL);
INSERT INTO "taxons" VALUES(15,9,11,1,'baggies','2011-02-09 14:47:38.241533','2011-02-09 14:47:38.241533','gear/baggies/',8,9,NULL,NULL,NULL,NULL,NULL);
CREATE TABLE "variants" ("id" INTEGER PRIMARY KEY AUTOINCREMENT NOT NULL, "product_id" integer, "sku" varchar(255) DEFAULT '' NOT NULL, "price" decimal(8,2) NOT NULL, "weight" decimal(8,2), "height" decimal(8,2), "width" decimal(8,2), "depth" decimal(8,2), "deleted_at" datetime, "is_master" boolean DEFAULT 'f', "count_on_hand" integer DEFAULT 0 NOT NULL, "cost_price" decimal(8,2) DEFAULT NULL, "position" integer);
INSERT INTO "variants" VALUES(1,1,'',20,NULL,NULL,NULL,NULL,NULL,'t',0,NULL,NULL);
INSERT INTO "variants" VALUES(2,2,'',10,NULL,NULL,NULL,NULL,NULL,'t',0,NULL,NULL);
INSERT INTO "variants" VALUES(3,3,'',30,NULL,NULL,NULL,NULL,NULL,'t',0,NULL,NULL);
INSERT INTO "variants" VALUES(4,4,'',15,NULL,NULL,NULL,NULL,NULL,'t',0,NULL,NULL);
INSERT INTO "variants" VALUES(5,5,'',25,NULL,NULL,NULL,NULL,NULL,'t',0,NULL,NULL);
INSERT INTO "variants" VALUES(6,6,'',25.99,NULL,NULL,NULL,NULL,NULL,'t',0,NULL,NULL);
INSERT INTO "variants" VALUES(7,1,'',20,NULL,NULL,NULL,NULL,NULL,'f',0,NULL,NULL);
INSERT INTO "variants" VALUES(8,1,'',20,NULL,NULL,NULL,NULL,NULL,'f',0,NULL,NULL);
INSERT INTO "variants" VALUES(9,1,'',20,NULL,NULL,NULL,NULL,NULL,'f',0,NULL,NULL);
INSERT INTO "variants" VALUES(10,1,'',20,NULL,NULL,NULL,NULL,NULL,'f',0,NULL,NULL);
INSERT INTO "variants" VALUES(11,7,'',20,NULL,NULL,NULL,NULL,NULL,'t',0,NULL,NULL);
INSERT INTO "variants" VALUES(12,8,'',10,NULL,NULL,NULL,NULL,NULL,'t',0,NULL,NULL);
INSERT INTO "variants" VALUES(13,9,'',10,NULL,NULL,NULL,NULL,NULL,'t',0,NULL,NULL);
CREATE TABLE "zone_members" ("id" INTEGER PRIMARY KEY AUTOINCREMENT NOT NULL, "zone_id" integer, "zoneable_id" integer, "zoneable_type" varchar(255), "created_at" datetime, "updated_at" datetime);
INSERT INTO "zone_members" VALUES(4914820,1,13,'Country','2009-06-04 13:22:26','2009-06-04 13:22:26');
INSERT INTO "zone_members" VALUES(5807739,1,96,'Country','2009-06-04 13:22:26','2009-06-04 13:22:26');
INSERT INTO "zone_members" VALUES(35022990,1,188,'Country','2009-06-04 13:22:26','2009-06-04 13:22:26');
INSERT INTO "zone_members" VALUES(91991191,1,163,'Country','2009-06-04 13:22:26','2009-06-04 13:22:26');
INSERT INTO "zone_members" VALUES(120011419,1,52,'Country','2009-06-04 13:22:26','2009-06-04 13:22:26');
INSERT INTO "zone_members" VALUES(120937060,1,117,'Country','2009-06-04 13:22:26','2009-06-04 13:22:26');
INSERT INTO "zone_members" VALUES(195044517,2,214,'Country','2009-06-04 17:22:41','2009-06-04 17:22:41');
INSERT INTO "zone_members" VALUES(244414130,1,68,'Country','2009-06-04 13:22:26','2009-06-04 13:22:26');
INSERT INTO "zone_members" VALUES(394938353,1,162,'Country','2009-06-04 13:22:26','2009-06-04 13:22:26');
INSERT INTO "zone_members" VALUES(423866172,1,20,'Country','2009-06-04 13:22:26','2009-06-04 13:22:26');
INSERT INTO "zone_members" VALUES(424792003,1,90,'Country','2009-06-04 13:22:26','2009-06-04 13:22:26');
INSERT INTO "zone_members" VALUES(477297967,1,184,'Country','2009-06-04 13:22:26','2009-06-04 13:22:26');
INSERT INTO "zone_members" VALUES(506358563,1,53,'Country','2009-06-04 13:22:26','2009-06-04 13:22:26');
INSERT INTO "zone_members" VALUES(507251676,1,116,'Country','2009-06-04 13:22:26','2009-06-04 13:22:26');
INSERT INTO "zone_members" VALUES(546142054,1,142,'Country','2009-06-04 13:22:26','2009-06-04 13:22:26');
INSERT INTO "zone_members" VALUES(690576312,1,62,'Country','2009-06-04 13:22:26','2009-06-04 13:22:26');
INSERT INTO "zone_members" VALUES(691747661,1,110,'Country','2009-06-04 13:22:26','2009-06-04 13:22:26');
INSERT INTO "zone_members" VALUES(729140670,1,183,'Country','2009-06-04 13:22:26','2009-06-04 13:22:26');
INSERT INTO "zone_members" VALUES(739772837,1,213,'Country','2009-06-04 13:22:26','2009-06-04 13:22:26');
INSERT INTO "zone_members" VALUES(776249265,1,30,'Country','2009-06-04 13:22:26','2009-06-04 13:22:26');
INSERT INTO "zone_members" VALUES(777453396,1,74,'Country','2009-06-04 13:22:26','2009-06-04 13:22:26');
INSERT INTO "zone_members" VALUES(807406092,1,51,'Country','2009-06-04 13:22:26','2009-06-04 13:22:26');
INSERT INTO "zone_members" VALUES(808610553,1,125,'Country','2009-06-04 13:22:26','2009-06-04 13:22:26');
INSERT INTO "zone_members" VALUES(847027202,1,167,'Country','2009-06-04 13:22:26','2009-06-04 13:22:26');
INSERT INTO "zone_members" VALUES(890329113,1,194,'Country','2009-06-04 13:22:26','2009-06-04 13:22:26');
INSERT INTO "zone_members" VALUES(929017584,1,98,'Country','2009-06-04 13:22:26','2009-06-04 13:22:26');
INSERT INTO "zone_members" VALUES(966149671,1,67,'Country','2009-06-04 13:22:26','2009-06-04 13:22:26');
INSERT INTO "zone_members" VALUES(1017582644,2,35,'Country','2009-06-04 17:22:41','2009-06-04 17:22:41');
CREATE TABLE "zones" ("id" INTEGER PRIMARY KEY AUTOINCREMENT NOT NULL, "name" varchar(255), "description" varchar(255), "created_at" datetime, "updated_at" datetime);
INSERT INTO "zones" VALUES(1,'EU_VAT','Countries that make up the EU VAT zone.','2009-06-04 17:22:26','2009-06-04 17:22:26');
INSERT INTO "zones" VALUES(2,'North America','USA + Canada','2009-06-04 17:22:41','2009-06-04 17:22:41');
CREATE TABLE "gateways" ("id" INTEGER PRIMARY KEY AUTOINCREMENT NOT NULL, "type" varchar(255), "name" varchar(255), "description" text, "active" boolean DEFAULT 't', "environment" varchar(255) DEFAULT 'development', "server" varchar(255) DEFAULT 'test', "test_mode" boolean DEFAULT 't', "created_at" datetime, "updated_at" datetime);
CREATE TABLE "product_groups" ("id" INTEGER PRIMARY KEY AUTOINCREMENT NOT NULL, "name" varchar(255), "permalink" varchar(255), "order" varchar(255));
CREATE TABLE "product_scopes" ("id" INTEGER PRIMARY KEY AUTOINCREMENT NOT NULL, "product_group_id" integer, "name" varchar(255), "arguments" text);
CREATE TABLE "state_events" ("id" INTEGER PRIMARY KEY AUTOINCREMENT NOT NULL, "stateful_id" integer, "user_id" integer, "name" varchar(255), "created_at" datetime, "updated_at" datetime, "previous_state" varchar(255), "stateful_type" varchar(255));
CREATE TABLE "return_authorizations" ("id" INTEGER PRIMARY KEY AUTOINCREMENT NOT NULL, "number" varchar(255), "amount" decimal(8,2) DEFAULT 0.0 NOT NULL, "order_id" integer, "reason" text, "state" varchar(255), "created_at" datetime, "updated_at" datetime);
CREATE TABLE "trackers" ("id" INTEGER PRIMARY KEY AUTOINCREMENT NOT NULL, "environment" varchar(255), "analytics_id" varchar(255), "active" boolean DEFAULT 't', "created_at" datetime, "updated_at" datetime);
CREATE TABLE "product_groups_products" ("product_id" integer, "product_group_id" integer);
CREATE TABLE "promotion_rules" ("id" INTEGER PRIMARY KEY AUTOINCREMENT NOT NULL, "promotion_id" integer, "user_id" integer, "product_group_id" integer, "created_at" datetime, "updated_at" datetime, "type" varchar(255));
CREATE TABLE "products_promotion_rules" ("product_id" integer, "promotion_rule_id" integer);
CREATE TABLE "promotion_rules_users" ("user_id" integer, "promotion_rule_id" integer);
CREATE TABLE "payment_methods" ("id" INTEGER PRIMARY KEY AUTOINCREMENT NOT NULL, "type" varchar(255), "name" varchar(255), "description" text, "active" boolean DEFAULT 't', "environment" varchar(255) DEFAULT 'development', "created_at" datetime, "updated_at" datetime, "deleted_at" datetime, "display_on" varchar(255));
INSERT INTO "payment_methods" VALUES(1,'Gateway::AuthorizeNet','Suck a cheet''s','','t','development','2011-02-04 19:35:13.720326','2011-02-04 19:35:13.720326',NULL,'');
CREATE TABLE "preferences" ("id" INTEGER PRIMARY KEY AUTOINCREMENT NOT NULL, "name" varchar(100) NOT NULL, "owner_id" integer(30) NOT NULL, "owner_type" varchar(50) NOT NULL, "group_id" integer, "group_type" varchar(50), "value" text(255), "created_at" datetime, "updated_at" datetime);
INSERT INTO "preferences" VALUES(1,'minimal_amount',1,'Calculator',NULL,NULL,'20.00','2011-02-04 19:28:21.749198','2011-02-04 19:28:21.749198');
INSERT INTO "preferences" VALUES(2,'discount_amount',1,'Calculator',NULL,NULL,'15.00','2011-02-04 19:28:21.753737','2011-02-04 19:28:21.753737');
INSERT INTO "preferences" VALUES(3,'normal_amount',1,'Calculator',NULL,NULL,'10.00','2011-02-04 19:28:21.757065','2011-02-04 19:28:21.757065');
INSERT INTO "preferences" VALUES(4,'flat_percent',2,'Calculator',NULL,NULL,'20%','2011-02-04 19:31:40.651000','2011-02-04 19:31:40.651000');
INSERT INTO "preferences" VALUES(5,'mail_port',1,'MailMethod',NULL,NULL,'587','2011-02-09 16:02:16.839953','2011-02-09 16:02:16.839953');
INSERT INTO "preferences" VALUES(6,'enable_mail_delivery',1,'MailMethod',NULL,NULL,'1','2011-02-09 16:02:16.844892','2011-02-09 16:02:16.844892');
INSERT INTO "preferences" VALUES(7,'mail_auth_type',1,'MailMethod',NULL,NULL,'plain','2011-02-09 16:02:16.849206','2011-02-09 16:02:16.849206');
INSERT INTO "preferences" VALUES(8,'smtp_username',1,'MailMethod',NULL,NULL,'daniel.levine4','2011-02-09 16:02:16.854141','2011-02-09 16:02:16.854141');
INSERT INTO "preferences" VALUES(9,'mails_from',1,'MailMethod',NULL,NULL,'daniel.levine4@gmail.com','2011-02-09 16:02:16.858273','2011-02-09 16:02:16.858273');
INSERT INTO "preferences" VALUES(10,'mail_host',1,'MailMethod',NULL,NULL,'smtp.gmail.com','2011-02-09 16:02:16.862470','2011-02-09 16:02:16.862470');
INSERT INTO "preferences" VALUES(11,'mail_domain',1,'MailMethod',NULL,NULL,'','2011-02-09 16:02:16.866694','2011-02-11 17:30:04.667482');
INSERT INTO "preferences" VALUES(12,'smtp_password',1,'MailMethod',NULL,NULL,'krishna108','2011-02-09 16:02:16.871622','2011-02-09 16:02:16.871622');
INSERT INTO "preferences" VALUES(13,'mail_bcc',1,'MailMethod',NULL,NULL,'daniel.levine4@gmail.com','2011-02-09 16:02:16.875787','2011-02-09 16:02:16.875787');
INSERT INTO "preferences" VALUES(14,'intercept_email',1,'MailMethod',NULL,NULL,'daniel.levine4@gmail.com','2011-02-09 16:02:16.880408','2011-02-09 16:02:16.880408');
INSERT INTO "preferences" VALUES(15,'secure_connection_type',1,'MailMethod',NULL,NULL,'TLS','2011-02-09 16:02:16.884641','2011-02-09 16:02:16.884641');
CREATE TABLE "orders" ("id" INTEGER PRIMARY KEY AUTOINCREMENT NOT NULL, "user_id" integer, "number" varchar(15), "item_total" decimal DEFAULT 0.0 NOT NULL, "total" decimal DEFAULT 0.0 NOT NULL, "created_at" datetime, "updated_at" datetime, "state" varchar(255), "adjustment_total" decimal DEFAULT 0.0 NOT NULL, "credit_total" decimal DEFAULT 0.0 NOT NULL, "completed_at" datetime, "bill_address_id" integer, "ship_address_id" integer, "payment_total" decimal(8,2) DEFAULT 0.0, "shipping_method_id" integer, "shipment_state" varchar(255), "payment_state" varchar(255), "email" varchar(255), "special_instructions" text);
INSERT INTO "orders" VALUES(1,1,'R365378118',20,24,'2011-02-04 19:19:14.552867','2011-02-04 19:34:24.954406','confirm',4,0,NULL,4,2,0,1,'pending','balance_due','daniel.levine4@gmail.com',NULL);
CREATE TABLE "payments" ("id" INTEGER PRIMARY KEY AUTOINCREMENT NOT NULL, "order_id" integer, "created_at" datetime, "updated_at" datetime, "amount" decimal DEFAULT 0.0 NOT NULL, "source_id" integer, "source_type" varchar(255), "payment_method_id" integer, "state" varchar(255), "response_code" varchar(255), "avs_response" varchar(255));
CREATE TABLE "mail_methods" ("id" INTEGER PRIMARY KEY AUTOINCREMENT NOT NULL, "environment" varchar(255), "active" boolean DEFAULT 't', "created_at" datetime, "updated_at" datetime);
INSERT INTO "mail_methods" VALUES(1,'development','t','2011-02-09 16:02:16.689867','2011-02-09 16:02:16.689867');
CREATE TABLE "adjustments" ("id" INTEGER PRIMARY KEY AUTOINCREMENT NOT NULL, "order_id" integer, "amount" decimal, "label" varchar(255), "created_at" datetime, "updated_at" datetime, "source_id" integer, "source_type" varchar(255), "mandatory" boolean, "locked" boolean, "originator_id" integer, "originator_type" varchar(255));
INSERT INTO "adjustments" VALUES(1,1,4,'Shipping','2011-02-04 19:31:54.735095','2011-02-04 19:31:54.735095',1,'Shipment','t',NULL,1,'ShippingMethod');
CREATE TABLE "log_entries" ("id" INTEGER PRIMARY KEY AUTOINCREMENT NOT NULL, "source_id" integer, "source_type" varchar(255), "details" text, "created_at" datetime, "updated_at" datetime);
CREATE TABLE "creditcards" ("id" INTEGER PRIMARY KEY AUTOINCREMENT NOT NULL, "month" varchar(255), "year" varchar(255), "cc_type" varchar(255), "last_digits" varchar(255), "first_name" varchar(255), "last_name" varchar(255), "created_at" datetime, "updated_at" datetime, "start_month" varchar(255), "start_year" varchar(255), "issue_number" varchar(255), "address_id" integer, "gateway_customer_profile_id" varchar(255), "gateway_payment_profile_id" varchar(255));
CREATE TABLE "users" ("id" INTEGER PRIMARY KEY AUTOINCREMENT NOT NULL, "email" varchar(255), "encrypted_password" varchar(128), "password_salt" varchar(128), "remember_token" varchar(255), "created_at" datetime, "updated_at" datetime, "persistence_token" varchar(255), "reset_password_token" varchar(255), "perishable_token" varchar(255), "sign_in_count" integer DEFAULT 0 NOT NULL, "failed_attempts" integer DEFAULT 0 NOT NULL, "last_request_at" datetime, "current_sign_in_at" datetime, "last_sign_in_at" datetime, "current_sign_in_ip" varchar(255), "last_sign_in_ip" varchar(255), "login" varchar(255), "ship_address_id" integer, "bill_address_id" integer, "authentication_token" varchar(255), "unlock_token" varchar(255), "locked_at" datetime, "remember_created_at" datetime);
INSERT INTO "users" VALUES(1,'daniel.levine4@gmail.com','330328b811865f9afe711f5c8c51d419cef4b2bd1edd80bbe42672cfee3f9121ee6ce7c07700695d25af800907bb527fa2a2a9189ad652ab03cf41e92a52c321','QLHntBhV5ePwcZxFyGUa',NULL,'2011-01-31 14:36:30.754275','2011-02-09 15:49:35.390987',NULL,NULL,NULL,7,0,NULL,'2011-02-09 15:49:35.374305','2011-02-09 14:32:50.475559','127.0.0.1','127.0.0.1','daniel.levine4@gmail.com',NULL,NULL,NULL,NULL,NULL,NULL);
CREATE TABLE "tokenized_permissions" ("id" INTEGER PRIMARY KEY AUTOINCREMENT NOT NULL, "permissable_id" integer, "permissable_type" varchar(255), "token" varchar(255), "created_at" datetime, "updated_at" datetime);
INSERT INTO "tokenized_permissions" VALUES(1,1,'Order','776fd758096b67e2','2011-02-04 19:19:14.640710','2011-02-04 19:19:14.640710');
CREATE TABLE "wysiwygs" ("id" INTEGER PRIMARY KEY AUTOINCREMENT NOT NULL, "name" varchar(255), "content" varchar(255), "created_at" datetime, "updated_at" datetime);
INSERT INTO "wysiwygs" VALUES(1,'faq','<p>
	This is my FAQ.</p>
','2011-02-08 19:06:02.387191','2011-02-08 19:06:02.387191');
INSERT INTO "wysiwygs" VALUES(2,'about','<p>
	This is my About</p>
','2011-02-08 19:10:31.944986','2011-02-08 19:10:31.944986');
INSERT INTO "wysiwygs" VALUES(3,'shipping','<p>
	Shipping Bithces</p>
','2011-02-08 19:10:43.686909','2011-02-08 19:10:43.686909');
INSERT INTO "wysiwygs" VALUES(4,'size','<p>
	Sizes For your Eyes Is</p>
','2011-02-08 19:10:57.028915','2011-02-08 19:10:57.028915');
INSERT INTO "wysiwygs" VALUES(5,'storeloc','<p>
	<strong>Store location is greeeeat.</strong></p>
<p>
	&nbsp;</p>
<p>
	&nbsp;</p>
<h1>
	<strong>Check this out</strong></h1>
','2011-02-08 19:33:32.917152','2011-02-08 19:33:32.917152');
CREATE TABLE "ckeditor_assets" ("id" INTEGER PRIMARY KEY AUTOINCREMENT NOT NULL, "data_file_name" varchar(255) NOT NULL, "data_content_type" varchar(255), "data_file_size" integer, "assetable_id" integer, "assetable_type" varchar(30), "type" varchar(25), "guid" varchar(10), "locale" integer(1) DEFAULT 0, "user_id" integer, "created_at" datetime, "updated_at" datetime);
CREATE TABLE "contacts" ("id" INTEGER PRIMARY KEY AUTOINCREMENT NOT NULL, "name" varchar(255), "email" varchar(255), "order_number" varchar(255), "message" text, "topic_id" integer, "created_at" datetime, "updated_at" datetime);
INSERT INTO "contacts" VALUES(1,'Bob Marley','daniel.levine4@gmail.com','','Hey dude.',1,'2011-02-09 16:25:56.669372','2011-02-09 16:25:56.669372');
INSERT INTO "contacts" VALUES(2,'Bob Marley','daniel.levine4@gmail.com','','Hey dude.',1,'2011-02-09 16:29:45.987136','2011-02-09 16:29:45.987136');
INSERT INTO "contacts" VALUES(3,'Bob Marley','daniel.levine4@gmail.com','','Hey dude.',2,'2011-02-09 16:46:04.495567','2011-02-09 16:46:04.495567');
INSERT INTO "contacts" VALUES(4,'Bob Marley','daniel.levine4@gmail.com','','Hey dude.',2,'2011-02-09 16:53:09.049401','2011-02-09 16:53:09.049401');
INSERT INTO "contacts" VALUES(5,'Bob Marley','daniel.levine4@gmail.com','','Hey man..',1,'2011-02-11 15:14:20.427256','2011-02-11 15:14:20.427256');
INSERT INTO "contacts" VALUES(6,'Bob Marley','daniel.levine4@gmail.com','','Hey man..',1,'2011-02-11 15:20:32.819769','2011-02-11 15:20:32.819769');
INSERT INTO "contacts" VALUES(7,'Bob Marley','daniel.levine4@gmail.com','','hey dudes. fail on me.',1,'2011-02-11 16:52:41.546282','2011-02-11 16:52:41.546282');
INSERT INTO "contacts" VALUES(8,'Devil Child','daniel.levine4@gmail.com','','hey dudes. fail on me.',1,'2011-02-11 16:53:53.244659','2011-02-11 16:53:53.244659');
INSERT INTO "contacts" VALUES(9,'Devil Child','daniel.levine4@gmail.com','','hey dudes. fail on me.',1,'2011-02-11 17:11:47.955456','2011-02-11 17:11:47.955456');
INSERT INTO "contacts" VALUES(10,'Testicles Testing Testlies','daniel.levine4@gmail.com','','hey dudes. fail on me.',1,'2011-02-11 17:15:00.462261','2011-02-11 17:15:00.462261');
INSERT INTO "contacts" VALUES(11,'Testicles Testing Testlies','daniel.levine4@gmail.com','','hey dudes. fail on me.',1,'2011-02-11 17:26:04.478412','2011-02-11 17:26:04.478412');
INSERT INTO "contacts" VALUES(12,'Testicles Testing Testlies','daniel.levine4@gmail.com','','hey dudes. fail on me.',1,'2011-02-11 17:27:29.311002','2011-02-11 17:27:29.311002');
INSERT INTO "contacts" VALUES(13,'Testicles Testing Testlies','daniel.levine4@gmail.com','','hey dudes. fail on me.',1,'2011-02-11 17:30:10.672091','2011-02-11 17:30:10.672091');
INSERT INTO "contacts" VALUES(14,'Testicles Testing Testlies','daniel.levine4@gmail.com','','hey dudes. fail on me.',1,'2011-02-11 17:31:38.433679','2011-02-11 17:31:38.433679');
INSERT INTO "contacts" VALUES(15,'Daniel','daniel.levine4@gmail.com','','asdfasdf',1,'2011-02-13 19:36:15.922373','2011-02-13 19:36:15.922373');
CREATE TABLE "topics" ("id" INTEGER PRIMARY KEY AUTOINCREMENT NOT NULL, "name" varchar(255), "email" varchar(255), "created_at" datetime, "updated_at" datetime);
INSERT INTO "topics" VALUES(1,'Regarding an existing order','info@truejersey.com','2011-02-09 16:14:54.399940','2011-02-09 16:14:54.399940');
INSERT INTO "topics" VALUES(2,'Comments and Suggestions','info@truejersey.com','2011-02-09 16:15:15.263467','2011-02-09 16:15:15.263467');
CREATE UNIQUE INDEX "unique_schema_migrations" ON "schema_migrations" ("version");
CREATE INDEX "index_configurations_on_name_and_type" ON "configurations" ("name", "type");
CREATE INDEX "index_line_items_on_order_id" ON "line_items" ("order_id");
CREATE INDEX "index_line_items_on_variant_id" ON "line_items" ("variant_id");
CREATE INDEX "index_option_values_variants_on_variant_id" ON "option_values_variants" ("variant_id");
CREATE INDEX "index_products_on_available_on" ON "products" ("available_on");
CREATE INDEX "index_products_on_deleted_at" ON "products" ("deleted_at");
CREATE INDEX "index_products_on_name" ON "products" ("name");
CREATE INDEX "index_products_on_permalink" ON "products" ("permalink");
CREATE INDEX "index_products_taxons_on_product_id" ON "products_taxons" ("product_id");
CREATE INDEX "index_products_taxons_on_taxon_id" ON "products_taxons" ("taxon_id");
CREATE INDEX "index_roles_users_on_role_id" ON "roles_users" ("role_id");
CREATE INDEX "index_roles_users_on_user_id" ON "roles_users" ("user_id");
CREATE INDEX "index_variants_on_product_id" ON "variants" ("product_id");
CREATE INDEX "index_inventory_units_on_variant_id" ON "inventory_units" ("variant_id");
CREATE INDEX "index_inventory_units_on_order_id" ON "inventory_units" ("order_id");
CREATE INDEX "index_product_groups_on_name" ON "product_groups" ("name");
CREATE INDEX "index_product_groups_on_permalink" ON "product_groups" ("permalink");
CREATE INDEX "index_product_scopes_on_name" ON "product_scopes" ("name");
CREATE INDEX "index_product_scopes_on_product_group_id" ON "product_scopes" ("product_group_id");
CREATE INDEX "index_taxons_on_permalink" ON "taxons" ("permalink");
CREATE INDEX "index_taxons_on_parent_id" ON "taxons" ("parent_id");
CREATE INDEX "index_taxons_on_taxonomy_id" ON "taxons" ("taxonomy_id");
CREATE INDEX "index_assets_on_viewable_id" ON "assets" ("viewable_id");
CREATE INDEX "index_assets_on_viewable_type_and_type" ON "assets" ("viewable_type", "type");
CREATE INDEX "index_product_properties_on_product_id" ON "product_properties" ("product_id");
CREATE INDEX "index_option_values_variants_on_variant_id_and_option_value_id" ON "option_values_variants" ("variant_id", "option_value_id");
CREATE INDEX "index_inventory_units_on_shipment_id" ON "inventory_units" ("shipment_id");
CREATE INDEX "index_promotion_rules_on_product_group_id" ON "promotion_rules" ("product_group_id");
CREATE INDEX "index_promotion_rules_on_user_id" ON "promotion_rules" ("user_id");
CREATE INDEX "index_products_promotion_rules_on_product_id" ON "products_promotion_rules" ("product_id");
CREATE INDEX "index_products_promotion_rules_on_promotion_rule_id" ON "products_promotion_rules" ("promotion_rule_id");
CREATE INDEX "index_promotion_rules_users_on_user_id" ON "promotion_rules_users" ("user_id");
CREATE INDEX "index_promotion_rules_users_on_promotion_rule_id" ON "promotion_rules_users" ("promotion_rule_id");
CREATE INDEX "index_addresses_on_firstname" ON "addresses" ("firstname");
CREATE INDEX "index_addresses_on_lastname" ON "addresses" ("lastname");
CREATE INDEX "index_shipments_on_number" ON "shipments" ("number");
CREATE INDEX "index_orders_on_number" ON "orders" ("number");
CREATE INDEX "index_adjustments_on_order_id" ON "adjustments" ("order_id");
CREATE UNIQUE INDEX "ix_prefs_on_owner_attr_pref" ON "preferences" ("owner_id", "owner_type", "name", "group_id", "group_type");
CREATE INDEX "index_users_on_persistence_token" ON "users" ("persistence_token");
CREATE INDEX "index_tokenized_name_and_type" ON "tokenized_permissions" ("permissable_id", "permissable_type");
CREATE INDEX "idx_assetable_type" ON "ckeditor_assets" ("assetable_type", "type", "assetable_id");
CREATE INDEX "fk_assetable" ON "ckeditor_assets" ("assetable_type", "assetable_id");
CREATE INDEX "fk_user" ON "ckeditor_assets" ("user_id");
COMMIT;
